date,industry,tracked_signals,qualified_ideas,median_mrr
2026-09-27,ai_agents,60,0,
2026-09-27,edtech_ai,19,0,
2026-09-27,healthcare_ai,9,0,
2026-09-27,vertical_ai_saas,0,0,
2026-09-27,legal_ai,0,0,
2026-09-27,agritech_ai,5,0,
2026-09-27,ai_cybersecurity,0,0,
2026-09-27,ecommerce_tools,12,0,
2026-09-27,climate_carbon,1,0,
2026-09-27,islamic_fintech,0,0,
2026-09-27,halal_economy,4,0,
2026-09-27,ai_agents,85,0,
2026-09-27,edtech_ai,21,0,
2026-09-27,healthcare_ai,11,0,
2026-09-27,vertical_ai_saas,0,0,
2026-09-27,legal_ai,1,0,
2026-09-27,agritech_ai,7,0,
2026-09-27,ai_cybersecurity,1,0,
2026-09-27,ecommerce_tools,15,0,
2026-09-27,climate_carbon,2,0,
2026-09-27,islamic_fintech,0,0,
2026-09-27,halal_economy,4,0,
2026-09-27,ai_agents,103,0,
2026-09-27,edtech_ai,23,0,
2026-09-27,healthcare_ai,11,0,
2026-09-27,vertical_ai_saas,0,0,
2026-09-27,legal_ai,1,0,
2026-09-27,agritech_ai,7,0,
2026-09-27,ai_cybersecurity,2,0,
2026-09-27,ecommerce_tools,17,0,
2026-09-27,climate_carbon,2,0,
2026-09-27,islamic_fintech,0,0,
2026-09-27,halal_economy,4,0,
2026-09-27,ai_agents,119,0,
2026-09-27,edtech_ai,24,0,
2026-09-27,healthcare_ai,12,0,
2026-09-27,vertical_ai_saas,0,0,
2026-09-27,legal_ai,1,0,
2026-09-27,agritech_ai,7,0,
2026-09-27,ai_cybersecurity,3,0,
2026-09-27,ecommerce_tools,17,0,
2026-09-27,climate_carbon,2,0,
2026-09-27,islamic_fintech,0,0,
2026-09-27,halal_economy,4,0,
2026-09-28,ai_agents,140,0,
2026-09-28,edtech_ai,27,0,
2026-09-28,healthcare_ai,13,0,
2026-09-28,vertical_ai_saas,2,0,
2026-09-28,legal_ai,5,0,
2026-09-28,agritech_ai,7,0,
2026-09-28,ai_cybersecurity,4,0,
2026-09-28,ecommerce_tools,18,1,10000.0
2026-09-28,climate_carbon,4,0,
2026-09-28,islamic_fintech,0,0,
2026-09-28,halal_economy,4,0,
2026-09-28,ai_agents,161,0,
2026-09-28,edtech_ai,29,0,
2026-09-28,healthcare_ai,14,0,
2026-09-28,vertical_ai_saas,2,0,
2026-09-28,legal_ai,8,0,
2026-09-28,agritech_ai,8,0,
2026-09-28,ai_cybersecurity,5,0,
2026-09-28,ecommerce_tools,25,2,205000.0
2026-09-28,climate_carbon,7,0,
2026-09-28,islamic_fintech,0,0,
2026-09-28,halal_economy,4,0,
